{
  "lang": "",
  "pages": [
    {"key": "global"},
    {"key": "dashboard"},
    {"key": "introduction"},
    {"key": "course-information"},
    {"key": "book-of-john"},
    {"key": "seeking-god"},
    {"key": "the-word"},
    {"key": "discipleship"},
    {"key": "the-kingdom"},
    {"key": "light-darkness"},
    {"key": "new-testament-conversion"},
    {"key": "the-cross"},
    {"key": "medical-account"},
    {"key": "baptism-holy-spirit"},
    {"key": "miraculous-gifts-holy-spirit"},
    {"key": "the-church"},
    {"key": "book-of-acts"},
    {"key": "after-baptism-now-what"},
    {"key": "christ-is-your-life"},
    {"key": "best-friends-all-time"},
    {"key": "persecution"},
    {"key": "memory-scriptures"}
  ],
  "scriptures": [
    {"key": "1-corinthians-1-10-13"},
    {"key": "1-corinthians-1-10-17"},
    {"key": "1-corinthians-1-17"},
    {"key": "1-corinthians-11-23-32"},
    {"key": "1-corinthians-12-12-13"},
    {"key": "1-corinthians-12-14-27"},
    {"key": "1-corinthians-12-21"},
    {"key": "1-corinthians-12-26"},
    {"key": "1-corinthians-12-28-30"},
    {"key": "1-corinthians-12-8-10"},
    {"key": "1-corinthians-12"},
    {"key": "1-corinthians-13-8-10"},
    {"key": "1-corinthians-14-20-22"},
    {"key": "1-corinthians-14"},
    {"key": "1-corinthians-16-1-2"},
    {"key": "1-corinthians-3-11"},
    {"key": "1-corinthians-4-15-17"},
    {"key": "1-corinthians-7-39"},
    {"key": "1-kings-11-1-10"},
    {"key": "1-peter-2-9-10"},
    {"key": "1-peter-3-1-7"},
    {"key": "1-peter-3-18-21"},
    {"key": "1-peter-3-21"},
    {"key": "1-peter-3-4"},
    {"key": "1-peter-4-12-16"},
    {"key": "1-peter-4-3-4"},
    {"key": "1-thessalonians-5-12-14"},
    {"key": "1-timothy-1-15"},
    {"key": "1-timothy-4-16"},
    {"key": "2-corinthians-6-14-7-1"},
    {"key": "2-corinthians-9-6-8"},
    {"key": "2-peter-1-20-21"},
    {"key": "2-thessalonians-2-9-12"},
    {"key": "2-timothy-3-1-5"},
    {"key": "2-timothy-3-12"},
    {"key": "2-timothy-3-14-17"},
    {"key": "2-timothy-3-16-17"},
    {"key": "acts-1-1-2-47"},
    {"key": "acts-1-12-14"},
    {"key": "acts-1-18-19"},
    {"key": "acts-1-4-5"},
    {"key": "acts-1-8"},
    {"key": "acts-10-48"},
    {"key": "acts-10"},
    {"key": "acts-11-1-18"},
    {"key": "acts-11-15"},
    {"key": "acts-11-19-26"},
    {"key": "acts-11-21"},
    {"key": "acts-11-25-26"},
    {"key": "acts-12-24"},
    {"key": "acts-13-3"},
    {"key": "acts-13-49"},
    {"key": "acts-14-1"},
    {"key": "acts-14-21"},
    {"key": "acts-16-22-34"},
    {"key": "acts-16-5"},
    {"key": "acts-17-10-12"},
    {"key": "acts-17-19-26"},
    {"key": "acts-17-26-28"},
    {"key": "acts-17-4"},
    {"key": "acts-17-6"},
    {"key": "acts-18-24-26"},
    {"key": "acts-19-1-5"},
    {"key": "acts-19-1-6"},
    {"key": "acts-19-5"},
    {"key": "acts-19-6"},
    {"key": "acts-2-1-4"},
    {"key": "acts-2-14"},
    {"key": "acts-2-17"},
    {"key": "acts-2-22-24"},
    {"key": "acts-2-22"},
    {"key": "acts-2-23"},
    {"key": "acts-2-24"},
    {"key": "acts-2-36-37"},
    {"key": "acts-2-36-38"},
    {"key": "acts-2-36-47"},
    {"key": "acts-2-37-42"},
    {"key": "acts-2-37"},
    {"key": "acts-2-38-42"},
    {"key": "acts-2-38"},
    {"key": "acts-2-41"},
    {"key": "acts-2-42"},
    {"key": "acts-2-47"},
    {"key": "acts-2-5"},
    {"key": "acts-2"},
    {"key": "acts-20-24"},
    {"key": "acts-22-16"},
    {"key": "acts-22-3-16"},
    {"key": "acts-28-21-22"},
    {"key": "acts-28-5"},
    {"key": "acts-28-8"},
    {"key": "acts-28"},
    {"key": "acts-4-12"},
    {"key": "acts-4-4"},
    {"key": "acts-5-14"},
    {"key": "acts-5-17-18"},
    {"key": "acts-5-38-42"},
    {"key": "acts-6-1-8"},
    {"key": "acts-6-1"},
    {"key": "acts-6-7"},
    {"key": "acts-8-1-25"},
    {"key": "acts-8-13"},
    {"key": "acts-8-18"},
    {"key": "acts-8-26-39"},
    {"key": "acts-8-4"},
    {"key": "acts-8-6"},
    {"key": "acts-9-1-22"},
    {"key": "acts-9-17-18"},
    {"key": "acts-9-31"},
    {"key": "colossians-1-15-18"},
    {"key": "colossians-1-28-29"},
    {"key": "colossians-1-6"},
    {"key": "colossians-1-23"},
    {"key": "colossians-2-11-15"},
    {"key": "colossians-2-12"},
    {"key": "colossians-3-1-4"},
    {"key": "colossians-3-12-14"},
    {"key": "colossians-3-15-24"},
    {"key": "colossians-3-18-21"},
    {"key": "colossians-3-22-24"},
    {"key": "colossians-3-5-11"},
    {"key": "daniel-2-31-45"},
    {"key": "ephesians-2-19-21"},
    {"key": "ephesians-2-20"},
    {"key": "ephesians-2-8"},
    {"key": "ephesians-4-4-6"},
    {"key": "ephesians-5-18-20"},
    {"key": "ephesians-5-19-20"},
    {"key": "ephesians-6-10-18"},
    {"key": "ezekiel-18-20"},
    {"key": "galatians-5-19-21"},
    {"key": "galatians-6-1-2"},
    {"key": "genesis-2-19"},
    {"key": "hebrews-10-23-25"},
    {"key": "hebrews-10-23"},
    {"key": "hebrews-10-24"},
    {"key": "hebrews-10-25"},
    {"key": "hebrews-12-14-15"},
    {"key": "hebrews-13-17"},
    {"key": "hebrews-3-12-14"},
    {"key": "hebrews-4-12-13"},
    {"key": "hebrews-5-11-6-6"},
    {"key": "isaiah-2-1-4"},
    {"key": "isaiah-2-2"},
    {"key": "isaiah-2-3"},
    {"key": "isaiah-53-4-6"},
    {"key": "isaiah-59-1-2"},
    {"key": "james-1-22-25"},
    {"key": "james-4-17"},
    {"key": "james-5-16-18"},
    {"key": "james-5-16"},
    {"key": "jeremiah-29-11-14"},
    {"key": "john-10-19-21"},
    {"key": "john-12-48"},
    {"key": "john-13-34-35"},
    {"key": "john-13-34-36"},
    {"key": "john-15-1-16"},
    {"key": "john-15-16"},
    {"key": "john-15-18-20"},
    {"key": "john-16-1-4"},
    {"key": "john-15"},
    {"key": "john-17-20-23"},
    {"key": "john-3-1-7"},
    {"key": "john-3-34-36"},
    {"key": "john-3-34-rsv"},
    {"key": "john-3-34"},
    {"key": "john-3-5"},
    {"key": "john-4-23-24"},
    {"key": "john-7-12-13"},
    {"key": "john-8-31-32"},
    {"key": "luke-11-1-4"},
    {"key": "luke-12-51-53"},
    {"key": "luke-14-25-33"},
    {"key": "luke-17-20-21"},
    {"key": "luke-19-10"},
    {"key": "luke-23-1-3"},
    {"key": "luke-23-50-51"},
    {"key": "luke-23-50-52"},
    {"key": "luke-24-44-49"},
    {"key": "luke-24-47"},
    {"key": "luke-9-1"},
    {"key": "luke-9-23-26"},
    {"key": "malachi-3-6-12"},
    {"key": "mark-1-14-18"},
    {"key": "mark-16-16-18"},
    {"key": "mark-3-20-21"},
    {"key": "mark-3-31-35"},
    {"key": "mark-9-1"},
    {"key": "matthew-15-1-9"},
    {"key": "matthew-15-6-9"},
    {"key": "matthew-16-13-19"},
    {"key": "matthew-16-19"},
    {"key": "matthew-18-15-17"},
    {"key": "matthew-26-31-28-10"},
    {"key": "matthew-26-36-39"},
    {"key": "matthew-27-46"},
    {"key": "matthew-28-18-20"},
    {"key": "matthew-28-19-20"},
    {"key": "matthew-28-19"},
    {"key": "matthew-28-20"},
    {"key": "matthew-3-1-2"},
    {"key": "matthew-3-1-6"},
    {"key": "matthew-4-17"},
    {"key": "matthew-5-10-12"},
    {"key": "matthew-6-25-34"},
    {"key": "matthew-6-33"},
    {"key": "matthew-7-13-14"},
    {"key": "matthew-7-7-8"},
    {"key": "matthew-9-2-6"},
    {"key": "nehemiah-13-23-27"},
    {"key": "philippians-4-4-7"},
    {"key": "proverbs-13-12"},
    {"key": "psalm-119-1-2"},
    {"key": "revelation-3-20"},
    {"key": "romans-10-13"},
    {"key": "romans-10-9"},
    {"key": "romans-12-4-5"},
    {"key": "romans-15-14"},
    {"key": "romans-3-23-25"},
    {"key": "romans-3-23"},
    {"key": "romans-3-25"},
    {"key": "romans-6-1-4"},
    {"key": "romans-6-2-4"},
    {"key": "romans-6-23"},
    {"key": "romans-6-3-4"},
    {"key": "romans-8-9-rsv"},
    {"key": "titus-1-5"}
  ]
}